{"base|0xf2ad308194Abd50426e8e77b212030db79f30c47": {"t": 1762629410, "vs": 0.7573445178823278, "vol24": 3391.08}, "base|0x2d62fEC6756bbA678B68B5471F03c736500e028F": {"t": 1762639808, "vs": 0.6457764780920214, "vol24": 3522.17}, "solana|FNFBku9ut179sLAmt3A9UTyyTAkEdta8QW2G7kcvL5Fi": {"t": 1762658420, "vs": 0.7799926426279198, "vol24": 17713.93}, "base|0xfF1fE7C7fdf1429B08EB2e9d90C8d362cFBDF236": {"t": 1762661783, "vs": 0.5621794418218268, "vol24": 961.74}}