{"base|0xf2ad308194Abd50426e8e77b212030db79f30c47": {"t": 1762629410, "vs": 0.7573445178823278, "vol24": 3391.08}, "base|0x2d62fEC6756bbA678B68B5471F03c736500e028F": {"t": 1762639808, "vs": 0.6457764780920214, "vol24": 3522.17}, "solana|FNFBku9ut179sLAmt3A9UTyyTAkEdta8QW2G7kcvL5Fi": {"t": 1762658420, "vs": 0.7799926426279198, "vol24": 17713.93}, "base|0xfF1fE7C7fdf1429B08EB2e9d90C8d362cFBDF236": {"t": 1762661783, "vs": 0.5621794418218268, "vol24": 961.74}, "solana|2AwDXxK5M2nnG5t2jBz1Q1vZUxTohRTQBVKZsJ2d6gMF": {"t": 1762667501, "vs": 0.6664617478359585, "vol24": 5815.18}, "solana|6KSomFBjhW3wsaokQPE3eBVCsNuEv1aasaBspMF9MgDw": {"t": 1762674677, "vs": 0.7920697556242471, "vol24": 26806.78}, "base|0xB1C200FD9aDA8743590a6d5f3970C72B1C586F73": {"t": 1762675895, "vs": 0.7906543404897479, "vol24": 4636.54}, "solana|3S8BitZMYTVmvdD8DQAanV8chjX9DWXs7sawK4SYKWcw": {"t": 1762680191, "vs": 0.7967795344995793, "vol24": 34266.0}, "solana|2GdX4MNL78ASLcVkGxfB9NP9tDudtkF8RuHwiHRwdMid": {"t": 1762715236, "vs": 0.590312041815782, "vol24": 46129.7}, "base|0xc422BFB18F9FC217f955d759D3753F31137cCEFd": {"t": 1763148379, "vs": 0.7575380774952447, "vol24": 81182.81}, "solana|FbpKmwLbNijm5S6Et6nX2mF1mGiFJ4A1Wr7RW7NYu7pT": {"t": 1762774980, "vs": 0.6575304204086554, "vol24": 11939.95}, "solana|AwJbXz6W3HSbG2UCw9gcukW81hhj19c925WDYQ938cWq": {"t": 1762785692, "vs": 0.6496257822696057, "vol24": 11532.89}, "solana|7Kv9hR7P9qxd36sniSfWsfPpoT3YkHiL8p7595xnibvq": {"t": 1762787869, "vs": 0.6241835502913673, "vol24": 10116.2}, "solana|HKtM9WkcDtRpepMXbVnAE3vkXxAer1AsXCDFkhEYXx3W": {"t": 1762807729, "vs": 0.6769083639754749, "vol24": 3770.29}, "base|0x2364f27fb913168cb020327707addd9af587f13bb7dfd812d2baf0cabba5f420": {"t": 1762861103, "vs": 0.7732743145600278, "vol24": 25468.85}, "base|0xe6a09439c0db509cc5ba0a2365ddfa1ab16efe5f2094ab9485a9e6b424b426ac": {"t": 1762862349, "vs": 0.7146451974593707, "vol24": 3499.11}, "solana|6jHLNqSg2P9msQc7mzG3vfFwBP91rnyn7mVabwDnWv7Y": {"t": 1762896201, "vs": 0.6894494153400814, "vol24": 9849.58}, "solana|AW5YKcu8RxbLTT7QPKMMGhhf5YNGHMGGNvuPFBTfs3St": {"t": 1763033622, "vs": 0.7135788721056686, "vol24": 42894.57}, "solana|F9qTKNdh1HJv1Hb66QrZKA6eRThGXVTU61C2DeirQPKw": {"t": 1763060115, "vs": 0.78073123516114, "vol24": 27115.83}, "solana|FcckQ1D97UvcDyeCnYw34GDf2TdmkDMnnXUwQKNMFbvX": {"t": 1763065892, "vs": 0.7862450068136244, "vol24": 24010.22}, "solana|24eXruhM2XayApnMfHK5jHGGQtmph536gZ7QHCBed282": {"t": 1763174700, "vs": 0.7367760310386413, "vol24": 15399.48}, "solana|4KDanxCFYXGvCyjCuJeqppF67xxBYrwg1NAFsnmqz7ve": {"t": 1763178826, "vs": 0.7186487353212171, "vol24": 5986.08}, "solana|4waCuiW4aj6bRqymsEkXRH4tzbHxGCg8qVnpksaPBsCN": {"t": 1763183366, "vs": 0.6670755360608793, "vol24": 7905.89}, "solana|GMjXacCugwGYZFR1micgCRsAC7X7JkEU8qcyw5eAPM2b": {"t": 1763187985, "vs": 0.7783800215946682, "vol24": 20692.91}}