{"base|0xf2ad308194Abd50426e8e77b212030db79f30c47": {"t": 1762629410, "vs": 0.7573445178823278, "vol24": 3391.08}, "base|0x2d62fEC6756bbA678B68B5471F03c736500e028F": {"t": 1762639808, "vs": 0.6457764780920214, "vol24": 3522.17}}