{"base|0xf2ad308194Abd50426e8e77b212030db79f30c47": {"t": 1762629410, "vs": 0.7573445178823278, "vol24": 3391.08}, "base|0x2d62fEC6756bbA678B68B5471F03c736500e028F": {"t": 1762639808, "vs": 0.6457764780920214, "vol24": 3522.17}, "solana|FNFBku9ut179sLAmt3A9UTyyTAkEdta8QW2G7kcvL5Fi": {"t": 1762658420, "vs": 0.7799926426279198, "vol24": 17713.93}, "base|0xfF1fE7C7fdf1429B08EB2e9d90C8d362cFBDF236": {"t": 1762661783, "vs": 0.5621794418218268, "vol24": 961.74}, "solana|2AwDXxK5M2nnG5t2jBz1Q1vZUxTohRTQBVKZsJ2d6gMF": {"t": 1762667501, "vs": 0.6664617478359585, "vol24": 5815.18}, "solana|6KSomFBjhW3wsaokQPE3eBVCsNuEv1aasaBspMF9MgDw": {"t": 1762674677, "vs": 0.7920697556242471, "vol24": 26806.78}, "base|0xB1C200FD9aDA8743590a6d5f3970C72B1C586F73": {"t": 1762675895, "vs": 0.7906543404897479, "vol24": 4636.54}, "solana|3S8BitZMYTVmvdD8DQAanV8chjX9DWXs7sawK4SYKWcw": {"t": 1762680191, "vs": 0.7967795344995793, "vol24": 34266.0}, "solana|2GdX4MNL78ASLcVkGxfB9NP9tDudtkF8RuHwiHRwdMid": {"t": 1762715236, "vs": 0.590312041815782, "vol24": 46129.7}, "base|0xc422BFB18F9FC217f955d759D3753F31137cCEFd": {"t": 1762739778, "vs": 0.8252953330009927, "vol24": 120241.36}, "solana|FbpKmwLbNijm5S6Et6nX2mF1mGiFJ4A1Wr7RW7NYu7pT": {"t": 1762774980, "vs": 0.6575304204086554, "vol24": 11939.95}}