{"base|0xf2ad308194Abd50426e8e77b212030db79f30c47": {"t": 1762629410, "vs": 0.7573445178823278, "vol24": 3391.08}, "base|0x2d62fEC6756bbA678B68B5471F03c736500e028F": {"t": 1762639808, "vs": 0.6457764780920214, "vol24": 3522.17}, "solana|FNFBku9ut179sLAmt3A9UTyyTAkEdta8QW2G7kcvL5Fi": {"t": 1762658420, "vs": 0.7799926426279198, "vol24": 17713.93}, "base|0xfF1fE7C7fdf1429B08EB2e9d90C8d362cFBDF236": {"t": 1762661783, "vs": 0.5621794418218268, "vol24": 961.74}, "solana|2AwDXxK5M2nnG5t2jBz1Q1vZUxTohRTQBVKZsJ2d6gMF": {"t": 1762667501, "vs": 0.6664617478359585, "vol24": 5815.18}, "solana|6KSomFBjhW3wsaokQPE3eBVCsNuEv1aasaBspMF9MgDw": {"t": 1762674677, "vs": 0.7920697556242471, "vol24": 26806.78}, "base|0xB1C200FD9aDA8743590a6d5f3970C72B1C586F73": {"t": 1762675895, "vs": 0.7906543404897479, "vol24": 4636.54}, "solana|3S8BitZMYTVmvdD8DQAanV8chjX9DWXs7sawK4SYKWcw": {"t": 1762680191, "vs": 0.7967795344995793, "vol24": 34266.0}, "solana|2GdX4MNL78ASLcVkGxfB9NP9tDudtkF8RuHwiHRwdMid": {"t": 1762715236, "vs": 0.590312041815782, "vol24": 46129.7}, "base|0xc422BFB18F9FC217f955d759D3753F31137cCEFd": {"t": 1764486725, "vs": 0.6885949651485391, "vol24": 29287.63}, "solana|FbpKmwLbNijm5S6Et6nX2mF1mGiFJ4A1Wr7RW7NYu7pT": {"t": 1762774980, "vs": 0.6575304204086554, "vol24": 11939.95}, "solana|AwJbXz6W3HSbG2UCw9gcukW81hhj19c925WDYQ938cWq": {"t": 1762785692, "vs": 0.6496257822696057, "vol24": 11532.89}, "solana|7Kv9hR7P9qxd36sniSfWsfPpoT3YkHiL8p7595xnibvq": {"t": 1762787869, "vs": 0.6241835502913673, "vol24": 10116.2}, "solana|HKtM9WkcDtRpepMXbVnAE3vkXxAer1AsXCDFkhEYXx3W": {"t": 1762807729, "vs": 0.6769083639754749, "vol24": 3770.29}, "base|0x2364f27fb913168cb020327707addd9af587f13bb7dfd812d2baf0cabba5f420": {"t": 1762861103, "vs": 0.7732743145600278, "vol24": 25468.85}, "base|0xe6a09439c0db509cc5ba0a2365ddfa1ab16efe5f2094ab9485a9e6b424b426ac": {"t": 1762862349, "vs": 0.7146451974593707, "vol24": 3499.11}, "solana|6jHLNqSg2P9msQc7mzG3vfFwBP91rnyn7mVabwDnWv7Y": {"t": 1762896201, "vs": 0.6894494153400814, "vol24": 9849.58}, "solana|AW5YKcu8RxbLTT7QPKMMGhhf5YNGHMGGNvuPFBTfs3St": {"t": 1763033622, "vs": 0.7135788721056686, "vol24": 42894.57}, "solana|F9qTKNdh1HJv1Hb66QrZKA6eRThGXVTU61C2DeirQPKw": {"t": 1763060115, "vs": 0.78073123516114, "vol24": 27115.83}, "solana|FcckQ1D97UvcDyeCnYw34GDf2TdmkDMnnXUwQKNMFbvX": {"t": 1763065892, "vs": 0.7862450068136244, "vol24": 24010.22}, "solana|24eXruhM2XayApnMfHK5jHGGQtmph536gZ7QHCBed282": {"t": 1763174700, "vs": 0.7367760310386413, "vol24": 15399.48}, "solana|4KDanxCFYXGvCyjCuJeqppF67xxBYrwg1NAFsnmqz7ve": {"t": 1763178826, "vs": 0.7186487353212171, "vol24": 5986.08}, "solana|4waCuiW4aj6bRqymsEkXRH4tzbHxGCg8qVnpksaPBsCN": {"t": 1763183366, "vs": 0.6670755360608793, "vol24": 7905.89}, "solana|GMjXacCugwGYZFR1micgCRsAC7X7JkEU8qcyw5eAPM2b": {"t": 1763187985, "vs": 0.7783800215946682, "vol24": 20692.91}, "solana|FjcAh5y3cetSYHdRwxGi2cKATcepcXwwvTrBTfQPWPVq": {"t": 1763196739, "vs": 0.6348211265287433, "vol24": 11209.94}, "solana|Ea13gkAhK1miz9gjHE1s3nuzBgozEBGbcpZ9SHdKaQzK": {"t": 1763282828, "vs": 0.7747094417165169, "vol24": 22085.9}, "base|0xC2e44892ed2239680E378b002F96386922Fa3626": {"t": 1763287041, "vs": 0.5339826558667724, "vol24": 528.4}, "solana|GqMfxCzi6eJW7xVQyXKrixnmayXxxSLQC5591paSQSga": {"t": 1763315829, "vs": 0.8823746240295997, "vol24": 435895.3}, "solana|EFcb8XUg9aAJusNRSMU45HEfiMes8nyotNzoQ5YbaxQt": {"t": 1763564177, "vs": 0.7518927546023423, "vol24": 813.3}, "solana|AXbEoWjqsWV8WrEhr7U4wG8hWecs18gtup1GtCGCocFP": {"t": 1763646648, "vs": 0.6199405266699883, "vol24": 1989.65}, "solana|Hgrf84tMyCCWBzTfjE2M6Yd2eDdL1m4btQ6aqNKZsDQb": {"t": 1763658063, "vs": 0.7537457590284146, "vol24": 2101.21}, "solana|4LeR8UAkFFQtaT16Rcx5yAEVGGA8VZf439Kwk43NSeGi": {"t": 1763661015, "vs": 0.6574615382477946, "vol24": 6746.04}, "solana|Pg72vd6vKF6jMB2rgAR8H9S3bCbmK9XVtuc5qA6msVp": {"t": 1763675851, "vs": 0.7629238967339419, "vol24": 42565.98}, "solana|7K7gp8vbgMiyfhTpZUHB11YQK3hUJq43RiRnYiBweSNt": {"t": 1763681788, "vs": 0.7202359817912262, "vol24": 1536.0}, "solana|2QVoRuAxJTYr5tDMGF5CEiKyftupz3uvwPRovHMsscAR": {"t": 1763733494, "vs": 0.631302517216546, "vol24": 1750.42}, "solana|EPj82gxE3UL3B3hmKG2ZMZGg2HZFYaAjRhPYr229fxff": {"t": 1763898659, "vs": 0.8144083814043217, "vol24": 10661.78}, "solana|Cwj8UMCotHiVGL4WjJ6fQ6Pn3oYSWCARwMgLpd6QNPjB": {"t": 1764089275, "vs": 0.6978161144230741, "vol24": 21963.4}, "solana|D9nqSfVXPAE3mVQE5PxEoizzeaWpfonA3eE6JqckZSiW": {"t": 1764090136, "vs": 0.7630804390158612, "vol24": 13782.27}, "solana|2mxP8X3qWJDBx1RznjaAANSn3BPk6W6uS9X62fgppZ9B": {"t": 1764093399, "vs": 0.7917823509868215, "vol24": 20166.37}, "solana|6WFBAQTaJs9swdm4VJKk2XWyvybwkDyBNcEBXkdhyg3i": {"t": 1764096809, "vs": 0.7962589373504809, "vol24": 19750.36}, "solana|GmAaeBJrAaaRoSLuZPWQr24qw1jQ7aNcgvjQENhkpYgu": {"t": 1764097986, "vs": 0.8395227920259757, "vol24": 69487.04}, "solana|Ew11uwcAU2hmfgcYuTQty2p629vWLeiBvgFTpS5CurFP": {"t": 1764099762, "vs": 0.8052554512123662, "vol24": 27938.87}, "solana|7n5M3orr7Uai3WRLppoMFhNHVv7jij8oJjZuBZBiukBs": {"t": 1764103159, "vs": 0.7931902288547885, "vol24": 20674.12}, "solana|98fE7Xifp8bfmZHKg9nN3yfp8vjq9yVLwt4wSnf27eR7": {"t": 1764106999, "vs": 0.8027329337644816, "vol24": 24959.99}, "solana|4kYeU2uZzcPu7Bku1aSEdV9EzKLg84xrg2V5K3EkVEfr": {"t": 1764110926, "vs": 0.8006679971693987, "vol24": 25748.93}, "base|0x0c5BF61d127cd801fe4F77F344321ff1f163BF17": {"t": 1764155936, "vs": 0.7827107060183308, "vol24": 125589.13}, "solana|H8UihK588wsKY9TkxNko2nyhUJk218hmwK4XsPFGSiDt": {"t": 1764169156, "vs": 0.6641706855344213, "vol24": 3675.63}, "solana|2qnusegxWnuitSFj54gxtjoh3LB86S4tpxGAAe4kL6fP": {"t": 1764182996, "vs": 0.8546202470936909, "vol24": 543420.41}, "solana|4m2NDwqBeM4H6aG1mLyZrMpZKbq8vxTvTVXmGUTyfRSF": {"t": 1764226198, "vs": 0.755124925621268, "vol24": 57500.63}, "base|0x924f2beb5FD3679F98d449a7474F157FEAc8E3Fd": {"t": 1764257654, "vs": 0.87221196727861, "vol24": 91530.18}, "base|0xF9AC04e0DF2F0353148175e617CD0A3822Fd88E8": {"t": 1764322829, "vs": 0.7154038660799297, "vol24": 129483.89}, "solana|2fBSnByscg9r13U8nawjXiZFw5xMRNBNqZy3NmjzEL8c": {"t": 1764301072, "vs": 0.8475636872258682, "vol24": 825241.27}, "solana|8K8foVGDTKioE6H5UydRaBdfje7zdXizCKxDSJoPAuXi": {"t": 1764304423, "vs": 0.81788685523481, "vol24": 305210.65}, "solana|pp9AjUWMeDw6U7AJkyLfAE34HkDzsMDLZAyq6cfDKS7": {"t": 1764322829, "vs": 0.6499658158671129, "vol24": 24185.55}, "solana|EttNMzswZez3wqvTum25E2LYBsjstwkam2LaUo83K2Rw": {"t": 1764328214, "vs": 0.8583722901437919, "vol24": 407905.3}, "base|0xE8833415Bd6Aee9c0c7B6aaD7DC80421C3F28ca1": {"t": 1764345187, "vs": 0.8521144471416293, "vol24": 383582.89}, "solana|2beMnMvZ4Qa41r4oVKfMiaKS61cJ9QaDLGmmfTGC5r6q": {"t": 1764363493, "vs": 0.8415461073912482, "vol24": 521794.13}, "solana|GHjsdN6SFCBo2igKvn7cZ3JPLBz282XXzdiXQFRYWqxz": {"t": 1764373656, "vs": 0.8467516676118294, "vol24": 757418.83}, "solana|BrYrjDhMSexx9UJujBqDGHpW3vqoTeENUxAtLWbVSjFk": {"t": 1764373656, "vs": 0.8903479228480926, "vol24": 278554.1}, "solana|EYfTuCcgds1V5KN4TPQTEbXqaJfxdrgDxFkiuorPez4J": {"t": 1764374264, "vs": 0.8235125251375953, "vol24": 831535.0}, "solana|GsEzcbceHieBD17N6Nz78Ns1GJGvZeVgd6eGKHD9iMmV": {"t": 1764391156, "vs": 0.8450086990786311, "vol24": 510574.58}, "solana|He5RVmcj2mmwBxeyfmAXr1mB5JYqtEmFPfKYuhdYF3vw": {"t": 1764400422, "vs": 0.8167020521329981, "vol24": 1535642.1}, "solana|7tAcFLtDxwLoTmDotJpCzZ7U4QL9iHw1Fix5SaSPCbdC": {"t": 1764445849, "vs": 0.8201523334460302, "vol24": 794743.17}, "solana|4G6hvtfkuJycLsmyVDRcHJp9pZmtwHzigqjNKVAmkasD": {"t": 1764455666, "vs": 0.8245000654009836, "vol24": 935535.78}, "solana|R4TDyg4bmQPtyKh6D7owxXViW1mbbWeBqo1Y5SCMu3R": {"t": 1764453201, "vs": 0.8495256519678558, "vol24": 624421.43}, "solana|PYihvHRu8dSsyxhWnXBktfkDbuVqKNiXteUpoFF4Dw9": {"t": 1764456946, "vs": 0.8451534572227024, "vol24": 460316.1}, "solana|6ntijsPKrbCnNmbi67BJQnhPG1zWrbmrfHH2wo7HKQYq": {"t": 1764542805, "vs": 0.8226863523435808, "vol24": 538684.66},